{
    "loss": 0.9145559668540955,
    "accuracy": 0.8012762069702148
}