{
    "loss": 2.1114895343780518,
    "accuracy": 0.49635037779808044
}